{"cameraMode":{"drawMode":0,"name":"Shaded","section":"Shading Mode"},"sceneLighting":true,"audioPlay":false,"sceneViewState":{"showFog":true,"showMaterialUpdate":false,"showSkybox":true,"showFlares":true,"showImageEffects":true,"showParticleSystems":true},"in2DMode":false,"pivot":{"x":-2.880000114440918,"y":1.0,"z":-0.7400000095367432},"rotation":{"x":0.6974867582321167,"y":0.00429938780143857,"z":-0.004185828380286694,"w":0.7165783643722534},"size":11.451083183288575,"orthographic":false}